model_id,model,layer,n_layers,normalized_depth,zbar,ci_lo,ci_hi,se,zbar_over_peak
qwen3.6-35b,Qwen3.6-35B,1,40,0.025,0.0066,-0.0066,0.0199,0.00677,0.0036
qwen3.6-35b,Qwen3.6-35B,2,40,0.05,0.0097,-0.0034,0.0228,0.00669,0.0053
qwen3.6-35b,Qwen3.6-35B,3,40,0.075,0.0119,-0.0002,0.024,0.00618,0.0065
qwen3.6-35b,Qwen3.6-35B,4,40,0.1,0.0151,0.002,0.0282,0.00668,0.0083
qwen3.6-35b,Qwen3.6-35B,5,40,0.125,0.0179,0.0053,0.0305,0.00643,0.0098
qwen3.6-35b,Qwen3.6-35B,6,40,0.15,0.0209,0.0088,0.033,0.00621,0.0115
qwen3.6-35b,Qwen3.6-35B,7,40,0.175,0.024,0.0126,0.0354,0.00579,0.0132
qwen3.6-35b,Qwen3.6-35B,8,40,0.2,0.0319,0.0213,0.0425,0.00538,0.0175
qwen3.6-35b,Qwen3.6-35B,9,40,0.225,0.0399,0.0257,0.054,0.00723,0.0219
qwen3.6-35b,Qwen3.6-35B,10,40,0.25,0.0519,0.0376,0.0662,0.00732,0.0285
qwen3.6-35b,Qwen3.6-35B,11,40,0.275,0.0672,0.0513,0.0831,0.0081,0.0368
qwen3.6-35b,Qwen3.6-35B,12,40,0.3,0.0898,0.071,0.1085,0.00961,0.0492
qwen3.6-35b,Qwen3.6-35B,13,40,0.325,0.1153,0.0933,0.1373,0.01122,0.0632
qwen3.6-35b,Qwen3.6-35B,14,40,0.35,0.1476,0.1203,0.1749,0.01394,0.0809
qwen3.6-35b,Qwen3.6-35B,15,40,0.375,0.1892,0.1558,0.2226,0.01702,0.1038
qwen3.6-35b,Qwen3.6-35B,16,40,0.4,0.2378,0.1988,0.2767,0.01987,0.1304
qwen3.6-35b,Qwen3.6-35B,17,40,0.425,0.3018,0.2561,0.3476,0.02333,0.1655
qwen3.6-35b,Qwen3.6-35B,18,40,0.45,0.3706,0.3138,0.4274,0.02895,0.2033
qwen3.6-35b,Qwen3.6-35B,19,40,0.475,0.4559,0.3901,0.5218,0.03363,0.25
qwen3.6-35b,Qwen3.6-35B,20,40,0.5,0.551,0.4771,0.6249,0.03768,0.3022
qwen3.6-35b,Qwen3.6-35B,21,40,0.525,0.6603,0.5749,0.7458,0.0436,0.3622
qwen3.6-35b,Qwen3.6-35B,22,40,0.55,0.7743,0.676,0.8726,0.05014,0.4246
qwen3.6-35b,Qwen3.6-35B,23,40,0.575,0.9021,0.7963,1.0079,0.05397,0.4947
qwen3.6-35b,Qwen3.6-35B,24,40,0.6,1.0257,0.9126,1.1389,0.05772,0.5625
qwen3.6-35b,Qwen3.6-35B,25,40,0.625,1.161,1.0381,1.2839,0.06271,0.6367
qwen3.6-35b,Qwen3.6-35B,26,40,0.65,1.2779,1.1458,1.41,0.0674,0.7008
qwen3.6-35b,Qwen3.6-35B,27,40,0.675,1.3812,1.2432,1.5192,0.0704,0.7575
qwen3.6-35b,Qwen3.6-35B,28,40,0.7,1.4863,1.3418,1.6309,0.07377,0.8151
qwen3.6-35b,Qwen3.6-35B,29,40,0.725,1.5678,1.4209,1.7148,0.07496,0.8598
qwen3.6-35b,Qwen3.6-35B,30,40,0.75,1.6457,1.4892,1.8022,0.07986,0.9025
qwen3.6-35b,Qwen3.6-35B,31,40,0.775,1.7032,1.5417,1.8648,0.08243,0.9341
qwen3.6-35b,Qwen3.6-35B,32,40,0.8,1.7561,1.589,1.9232,0.08524,0.9631
qwen3.6-35b,Qwen3.6-35B,33,40,0.825,1.7921,1.6231,1.9611,0.08624,0.9828
qwen3.6-35b,Qwen3.6-35B,34,40,0.85,1.8172,1.6456,1.9888,0.08753,0.9966
qwen3.6-35b,Qwen3.6-35B,35,40,0.875,1.8234,1.6519,1.9949,0.08748,1.0
qwen3.6-35b,Qwen3.6-35B,36,40,0.9,1.7978,1.6314,1.9642,0.08487,0.986
qwen3.6-35b,Qwen3.6-35B,37,40,0.925,1.7627,1.5947,1.9307,0.08574,0.9667
qwen3.6-35b,Qwen3.6-35B,38,40,0.95,1.6892,1.5311,1.8472,0.08065,0.9264
qwen3.6-35b,Qwen3.6-35B,39,40,0.975,1.6057,1.453,1.7584,0.0779,0.8806
qwen3.6-35b,Qwen3.6-35B,40,40,1.0,1.5215,1.3761,1.6669,0.07419,0.8344
qwen3.6-27b,Qwen3.6-27B,1,62,0.016127,-0.0089,-0.0209,0.0031,0.00612,-0.0049
qwen3.6-27b,Qwen3.6-27B,2,62,0.032261,-0.0047,-0.0182,0.0088,0.00689,-0.0026
qwen3.6-27b,Qwen3.6-27B,3,62,0.048388,-0.0078,-0.0196,0.0040,0.00602,-0.0043
qwen3.6-27b,Qwen3.6-27B,4,62,0.064515,-0.0043,-0.0165,0.0079,0.00622,-0.0024
qwen3.6-27b,Qwen3.6-27B,5,62,0.080649,-0.0043,-0.0187,0.0101,0.00735,-0.0024
qwen3.6-27b,Qwen3.6-27B,6,62,0.096776,-0.0029,-0.0174,0.0116,0.00742,-0.0016
qwen3.6-27b,Qwen3.6-27B,7,62,0.112903,0.0001,-0.0131,0.0133,0.00673,0.0001
qwen3.6-27b,Qwen3.6-27B,8,62,0.129037,0.0063,-0.0066,0.0192,0.00658,0.0035
qwen3.6-27b,Qwen3.6-27B,9,62,0.145164,0.0088,-0.0062,0.0238,0.00765,0.0048
qwen3.6-27b,Qwen3.6-27B,10,62,0.161291,0.0098,-0.0058,0.0254,0.00798,0.0054
qwen3.6-27b,Qwen3.6-27B,11,62,0.177425,0.0145,-0.0007,0.0297,0.00773,0.008
qwen3.6-27b,Qwen3.6-27B,12,62,0.193552,0.0199,0.0045,0.0353,0.00786,0.011
qwen3.6-27b,Qwen3.6-27B,13,62,0.209679,0.032,0.0153,0.0487,0.0085,0.0176
qwen3.6-27b,Qwen3.6-27B,14,62,0.225806,0.0359,0.0200,0.0518,0.00811,0.0198
qwen3.6-27b,Qwen3.6-27B,15,62,0.24194,0.0387,0.0225,0.0549,0.00824,0.0213
qwen3.6-27b,Qwen3.6-27B,16,62,0.258067,0.0397,0.0219,0.0575,0.00906,0.0219
qwen3.6-27b,Qwen3.6-27B,17,62,0.274194,0.0586,0.0398,0.0774,0.00959,0.0323
qwen3.6-27b,Qwen3.6-27B,18,62,0.290328,0.073,0.0528,0.0932,0.01033,0.0402
qwen3.6-27b,Qwen3.6-27B,19,62,0.306455,0.0879,0.0682,0.1076,0.01005,0.0484
qwen3.6-27b,Qwen3.6-27B,20,62,0.322582,0.0999,0.0803,0.1195,0.01,0.055
qwen3.6-27b,Qwen3.6-27B,21,62,0.338716,0.121,0.0989,0.1431,0.0113,0.0666
qwen3.6-27b,Qwen3.6-27B,22,62,0.354843,0.1436,0.1198,0.1674,0.01212,0.0791
qwen3.6-27b,Qwen3.6-27B,23,62,0.37097,0.1652,0.1393,0.1911,0.01321,0.091
qwen3.6-27b,Qwen3.6-27B,24,62,0.387104,0.1928,0.1654,0.2202,0.01398,0.1061
qwen3.6-27b,Qwen3.6-27B,25,62,0.403231,0.2317,0.2018,0.2616,0.01528,0.1276
qwen3.6-27b,Qwen3.6-27B,26,62,0.419358,0.2746,0.2412,0.3080,0.01702,0.1512
qwen3.6-27b,Qwen3.6-27B,27,62,0.435492,0.3158,0.2798,0.3518,0.01837,0.1739
qwen3.6-27b,Qwen3.6-27B,28,62,0.451619,0.3636,0.3236,0.4036,0.02043,0.2002
qwen3.6-27b,Qwen3.6-27B,29,62,0.467739,0.4261,0.3821,0.4701,0.02247,0.2346
qwen3.6-27b,Qwen3.6-27B,30,62,0.483866,0.4882,0.4384,0.5380,0.02543,0.2688
qwen3.6-27b,Qwen3.6-27B,31,62,0.499993,0.5666,0.5095,0.6237,0.02911,0.312
qwen3.6-27b,Qwen3.6-27B,32,62,0.51612,0.6433,0.5793,0.7073,0.03265,0.3542
qwen3.6-27b,Qwen3.6-27B,33,62,0.532247,0.7119,0.6423,0.7815,0.03551,0.392
qwen3.6-27b,Qwen3.6-27B,34,62,0.548374,0.797,0.7172,0.8768,0.04069,0.4388
qwen3.6-27b,Qwen3.6-27B,35,62,0.564501,0.8847,0.7975,0.9719,0.04447,0.4871
qwen3.6-27b,Qwen3.6-27B,36,62,0.580628,0.9703,0.8782,1.0624,0.04697,0.5342
qwen3.6-27b,Qwen3.6-27B,37,62,0.596754,1.0639,0.9660,1.1618,0.04995,0.5858
qwen3.6-27b,Qwen3.6-27B,38,62,0.612881,1.1518,1.0447,1.2589,0.05464,0.6341
qwen3.6-27b,Qwen3.6-27B,39,62,0.629008,1.2366,1.1233,1.3499,0.05781,0.6808
qwen3.6-27b,Qwen3.6-27B,40,62,0.645135,1.3085,1.1884,1.4286,0.0613,0.7204
qwen3.6-27b,Qwen3.6-27B,41,62,0.661334,1.3845,1.2582,1.5108,0.06444,0.7623
qwen3.6-27b,Qwen3.6-27B,42,62,0.677461,1.4503,1.3221,1.5785,0.06541,0.7985
qwen3.6-27b,Qwen3.6-27B,43,62,0.693588,1.5089,1.3754,1.6424,0.06809,0.8308
qwen3.6-27b,Qwen3.6-27B,44,62,0.709715,1.5654,1.4282,1.7026,0.07,0.8619
qwen3.6-27b,Qwen3.6-27B,45,62,0.725842,1.6104,1.4724,1.7484,0.07041,0.8866
qwen3.6-27b,Qwen3.6-27B,46,62,0.741969,1.6513,1.5099,1.7927,0.07214,0.9092
qwen3.6-27b,Qwen3.6-27B,47,62,0.758096,1.69,1.5433,1.8367,0.07485,0.9305
qwen3.6-27b,Qwen3.6-27B,48,62,0.774223,1.7203,1.5692,1.8714,0.07709,0.9471
qwen3.6-27b,Qwen3.6-27B,49,62,0.79035,1.7571,1.6096,1.9046,0.07523,0.9674
qwen3.6-27b,Qwen3.6-27B,50,62,0.806477,1.7705,1.6190,1.9220,0.0773,0.9748
qwen3.6-27b,Qwen3.6-27B,51,62,0.822604,1.7893,1.6372,1.9414,0.07758,0.9851
qwen3.6-27b,Qwen3.6-27B,52,62,0.838731,1.8097,1.6527,1.9667,0.08008,0.9964
qwen3.6-27b,Qwen3.6-27B,53,62,0.854858,1.8163,1.6631,1.9695,0.07814,1.0
qwen3.6-27b,Qwen3.6-27B,54,62,0.870984,1.8155,1.6614,1.9696,0.07862,0.9996
qwen3.6-27b,Qwen3.6-27B,55,62,0.887111,1.7904,1.6437,1.9371,0.07485,0.9857
qwen3.6-27b,Qwen3.6-27B,56,62,0.903238,1.7623,1.6121,1.9125,0.07661,0.9703
qwen3.6-27b,Qwen3.6-27B,57,62,0.919365,1.7326,1.5841,1.8811,0.07577,0.9539
qwen3.6-27b,Qwen3.6-27B,58,62,0.935492,1.6927,1.5499,1.8355,0.07286,0.9319
qwen3.6-27b,Qwen3.6-27B,59,62,0.951619,1.6445,1.5007,1.7883,0.07339,0.9054
qwen3.6-27b,Qwen3.6-27B,60,62,0.967746,1.5921,1.4535,1.7307,0.07069,0.8766
qwen3.6-27b,Qwen3.6-27B,61,62,0.983873,1.5242,1.3929,1.6555,0.06697,0.8392
qwen3.6-27b,Qwen3.6-27B,62,62,1.0,1.4626,1.3398,1.5854,0.06263,0.8053
qwen3-32b,Qwen3-32B,1,64,0.015623,0.0085,-0.0009,0.0179,0.00482,0.0043
qwen3-32b,Qwen3-32B,2,64,0.031253,0.018,0.0067,0.0293,0.00579,0.0091
qwen3-32b,Qwen3-32B,3,64,0.046876,0.0145,0.0027,0.0263,0.006,0.0073
qwen3-32b,Qwen3-32B,4,64,0.062499,0.0125,0.0014,0.0236,0.00564,0.0063
qwen3-32b,Qwen3-32B,5,64,0.078129,0.011,0.0005,0.0215,0.00536,0.0056
qwen3-32b,Qwen3-32B,6,64,0.093752,0.0075,-0.0060,0.0210,0.00691,0.0038
qwen3-32b,Qwen3-32B,7,64,0.109375,0.0145,0.0029,0.0261,0.00594,0.0073
qwen3-32b,Qwen3-32B,8,64,0.124998,0.0164,0.0043,0.0285,0.00615,0.0083
qwen3-32b,Qwen3-32B,9,64,0.140628,0.0203,0.0062,0.0344,0.00719,0.0103
qwen3-32b,Qwen3-32B,10,64,0.156251,0.0187,0.0048,0.0326,0.00707,0.0095
qwen3-32b,Qwen3-32B,11,64,0.171874,0.0275,0.0143,0.0407,0.00673,0.0139
qwen3-32b,Qwen3-32B,12,64,0.187504,0.0207,0.0075,0.0339,0.00676,0.0105
qwen3-32b,Qwen3-32B,13,64,0.203127,0.0197,0.0050,0.0344,0.0075,0.01
qwen3-32b,Qwen3-32B,14,64,0.21875,0.0215,0.0069,0.0361,0.00747,0.0109
qwen3-32b,Qwen3-32B,15,64,0.234381,0.0322,0.0155,0.0489,0.0085,0.0163
qwen3-32b,Qwen3-32B,16,64,0.250004,0.044,0.0277,0.0603,0.00832,0.0223
qwen3-32b,Qwen3-32B,17,64,0.265627,0.0418,0.0250,0.0586,0.00857,0.0212
qwen3-32b,Qwen3-32B,18,64,0.281257,0.0514,0.0331,0.0697,0.00934,0.026
qwen3-32b,Qwen3-32B,19,64,0.29688,0.0577,0.0387,0.0767,0.00969,0.0292
qwen3-32b,Qwen3-32B,20,64,0.312503,0.0704,0.0486,0.0922,0.01112,0.0357
qwen3-32b,Qwen3-32B,21,64,0.328126,0.081,0.0573,0.1047,0.01207,0.041
qwen3-32b,Qwen3-32B,22,64,0.343756,0.0983,0.0714,0.1252,0.0137,0.0498
qwen3-32b,Qwen3-32B,23,64,0.359379,0.1113,0.0846,0.1380,0.01362,0.0564
qwen3-32b,Qwen3-32B,24,64,0.375002,0.1304,0.0990,0.1618,0.01602,0.0661
qwen3-32b,Qwen3-32B,25,64,0.390632,0.1554,0.1194,0.1914,0.01837,0.0787
qwen3-32b,Qwen3-32B,26,64,0.406255,0.1771,0.1401,0.2141,0.01888,0.0897
qwen3-32b,Qwen3-32B,27,64,0.421878,0.2124,0.1728,0.2520,0.0202,0.1076
qwen3-32b,Qwen3-32B,28,64,0.437508,0.2501,0.2034,0.2968,0.02383,0.1267
qwen3-32b,Qwen3-32B,29,64,0.453131,0.2916,0.2422,0.3410,0.02518,0.1478
qwen3-32b,Qwen3-32B,30,64,0.468747,0.3296,0.2741,0.3851,0.02832,0.167
qwen3-32b,Qwen3-32B,31,64,0.48437,0.3832,0.3227,0.4437,0.03089,0.1942
qwen3-32b,Qwen3-32B,32,64,0.499993,0.4494,0.3834,0.5154,0.03367,0.2277
qwen3-32b,Qwen3-32B,33,64,0.515616,0.5086,0.4400,0.5772,0.035,0.2577
qwen3-32b,Qwen3-32B,34,64,0.531239,0.5993,0.5221,0.6765,0.03941,0.3037
qwen3-32b,Qwen3-32B,35,64,0.546862,0.6713,0.5884,0.7542,0.0423,0.3401
qwen3-32b,Qwen3-32B,36,64,0.562485,0.7549,0.6650,0.8448,0.04589,0.3825
qwen3-32b,Qwen3-32B,37,64,0.578108,0.8349,0.7400,0.9298,0.04844,0.423
qwen3-32b,Qwen3-32B,38,64,0.593731,0.9394,0.8385,1.0403,0.05148,0.476
qwen3-32b,Qwen3-32B,39,64,0.609354,1.0252,0.9218,1.1286,0.05273,0.5195
qwen3-32b,Qwen3-32B,40,64,0.624977,1.1214,1.0116,1.2312,0.05602,0.5682
qwen3-32b,Qwen3-32B,41,64,0.6406,1.213,1.0980,1.3280,0.05865,0.6146
qwen3-32b,Qwen3-32B,42,64,0.656223,1.3073,1.1870,1.4276,0.06138,0.6624
qwen3-32b,Qwen3-32B,43,64,0.671918,1.3901,1.2683,1.5119,0.06212,0.7043
qwen3-32b,Qwen3-32B,44,64,0.68754,1.4754,1.3494,1.6014,0.06429,0.7476
qwen3-32b,Qwen3-32B,45,64,0.703163,1.5517,1.4233,1.6801,0.06549,0.7862
qwen3-32b,Qwen3-32B,46,64,0.718786,1.6172,1.4860,1.7484,0.06694,0.8194
qwen3-32b,Qwen3-32B,47,64,0.734409,1.6938,1.5607,1.8269,0.06791,0.8582
qwen3-32b,Qwen3-32B,48,64,0.750032,1.7467,1.6052,1.8882,0.07217,0.885
qwen3-32b,Qwen3-32B,49,64,0.765655,1.7986,1.6582,1.9390,0.07161,0.9113
qwen3-32b,Qwen3-32B,50,64,0.781278,1.8351,1.6917,1.9785,0.07314,0.9298
qwen3-32b,Qwen3-32B,51,64,0.796901,1.8886,1.7441,2.0332,0.07375,0.9569
qwen3-32b,Qwen3-32B,52,64,0.812524,1.9265,1.7772,2.0758,0.07617,0.9761
qwen3-32b,Qwen3-32B,53,64,0.828147,1.9415,1.7940,2.0890,0.07528,0.9837
qwen3-32b,Qwen3-32B,54,64,0.84377,1.9483,1.7934,2.1032,0.07903,0.9872
qwen3-32b,Qwen3-32B,55,64,0.859393,1.9712,1.8229,2.1195,0.07564,0.9988
qwen3-32b,Qwen3-32B,56,64,0.875016,1.9736,1.8251,2.1221,0.07577,1.0
qwen3-32b,Qwen3-32B,57,64,0.890639,1.9666,1.8186,2.1146,0.07549,0.9965
qwen3-32b,Qwen3-32B,58,64,0.906262,1.9281,1.7781,2.0781,0.07653,0.9769
qwen3-32b,Qwen3-32B,59,64,0.921885,1.9147,1.7683,2.0611,0.07467,0.9702
qwen3-32b,Qwen3-32B,60,64,0.937508,1.8839,1.7399,2.0279,0.07347,0.9546
qwen3-32b,Qwen3-32B,61,64,0.953131,1.8201,1.6817,1.9585,0.07061,0.9222
qwen3-32b,Qwen3-32B,62,64,0.968754,1.7636,1.6299,1.8973,0.06819,0.8936
qwen3-32b,Qwen3-32B,63,64,0.984377,1.6941,1.5652,1.8230,0.06574,0.8584
qwen3-32b,Qwen3-32B,64,64,1.0,1.6229,1.4988,1.7470,0.06332,0.8223
gemma-4-31b,Gemma-4-31B,1,62,0.016127,0.0138,0.0004,0.0272,0.00684,0.0059
gemma-4-31b,Gemma-4-31B,2,62,0.032261,0.0108,-0.0030,0.0246,0.00704,0.0046
gemma-4-31b,Gemma-4-31B,3,62,0.048388,0.0104,-0.0030,0.0238,0.00684,0.0044
gemma-4-31b,Gemma-4-31B,4,62,0.064515,0.0159,0.0014,0.0304,0.00742,0.0068
gemma-4-31b,Gemma-4-31B,5,62,0.080649,0.0211,0.0063,0.0359,0.00755,0.009
gemma-4-31b,Gemma-4-31B,6,62,0.096776,0.0206,0.0067,0.0345,0.00709,0.0088
gemma-4-31b,Gemma-4-31B,7,62,0.112903,0.0254,0.0104,0.0404,0.00763,0.0108
gemma-4-31b,Gemma-4-31B,8,62,0.129037,0.0287,0.0115,0.0459,0.0088,0.0122
gemma-4-31b,Gemma-4-31B,9,62,0.145164,0.0258,0.0108,0.0408,0.00765,0.011
gemma-4-31b,Gemma-4-31B,10,62,0.161291,0.0428,0.0266,0.0590,0.00827,0.0182
gemma-4-31b,Gemma-4-31B,11,62,0.177425,0.0425,0.0273,0.0577,0.00773,0.0181
gemma-4-31b,Gemma-4-31B,12,62,0.193552,0.0467,0.0299,0.0635,0.00857,0.0199
gemma-4-31b,Gemma-4-31B,13,62,0.209679,0.0557,0.0375,0.0739,0.00931,0.0237
gemma-4-31b,Gemma-4-31B,14,62,0.225806,0.0634,0.0435,0.0833,0.01013,0.027
gemma-4-31b,Gemma-4-31B,15,62,0.24194,0.0722,0.0533,0.0911,0.00964,0.0307
gemma-4-31b,Gemma-4-31B,16,62,0.258067,0.079,0.0583,0.0997,0.01054,0.0336
gemma-4-31b,Gemma-4-31B,17,62,0.274194,0.091,0.0703,0.1117,0.01056,0.0387
gemma-4-31b,Gemma-4-31B,18,62,0.290328,0.1063,0.0823,0.1303,0.01222,0.0452
gemma-4-31b,Gemma-4-31B,19,62,0.306455,0.1215,0.0998,0.1432,0.01105,0.0517
gemma-4-31b,Gemma-4-31B,20,62,0.322582,0.1404,0.1147,0.1661,0.01309,0.0597
gemma-4-31b,Gemma-4-31B,21,62,0.338716,0.161,0.1358,0.1862,0.01286,0.0685
gemma-4-31b,Gemma-4-31B,22,62,0.354843,0.1849,0.1571,0.2127,0.01418,0.0786
gemma-4-31b,Gemma-4-31B,23,62,0.37097,0.2102,0.1794,0.2410,0.01571,0.0894
gemma-4-31b,Gemma-4-31B,24,62,0.387104,0.2429,0.2102,0.2756,0.01666,0.1033
gemma-4-31b,Gemma-4-31B,25,62,0.403231,0.2824,0.2459,0.3189,0.01862,0.1201
gemma-4-31b,Gemma-4-31B,26,62,0.419358,0.3211,0.2831,0.3591,0.01941,0.1365
gemma-4-31b,Gemma-4-31B,27,62,0.435492,0.364,0.3206,0.4074,0.02214,0.1548
gemma-4-31b,Gemma-4-31B,28,62,0.451619,0.4151,0.3699,0.4603,0.02306,0.1765
gemma-4-31b,Gemma-4-31B,29,62,0.467739,0.4682,0.4192,0.5172,0.025,0.1991
gemma-4-31b,Gemma-4-31B,30,62,0.483866,0.5279,0.4738,0.5820,0.0276,0.2245
gemma-4-31b,Gemma-4-31B,31,62,0.499993,0.608,0.5487,0.6673,0.03023,0.2585
gemma-4-31b,Gemma-4-31B,32,62,0.51612,0.6858,0.6224,0.7492,0.03237,0.2916
gemma-4-31b,Gemma-4-31B,33,62,0.532247,0.7787,0.7090,0.8484,0.03554,0.3311
gemma-4-31b,Gemma-4-31B,34,62,0.548374,0.8603,0.7843,0.9362,0.03875,0.3658
gemma-4-31b,Gemma-4-31B,35,62,0.564501,0.9567,0.8738,1.0396,0.04232,0.4068
gemma-4-31b,Gemma-4-31B,36,62,0.580628,1.061,0.9731,1.1489,0.04487,0.4512
gemma-4-31b,Gemma-4-31B,37,62,0.596754,1.1593,1.0615,1.2571,0.04992,0.493
gemma-4-31b,Gemma-4-31B,38,62,0.612881,1.2812,1.1741,1.3883,0.05464,0.5448
gemma-4-31b,Gemma-4-31B,39,62,0.629008,1.3738,1.2579,1.4897,0.05913,0.5842
gemma-4-31b,Gemma-4-31B,40,62,0.645135,1.4833,1.3558,1.6108,0.06503,0.6308
gemma-4-31b,Gemma-4-31B,41,62,0.661334,1.5959,1.4595,1.7323,0.06957,0.6786
gemma-4-31b,Gemma-4-31B,42,62,0.677461,1.6856,1.5402,1.8310,0.07416,0.7168
gemma-4-31b,Gemma-4-31B,43,62,0.693588,1.7852,1.6371,1.9333,0.07556,0.7591
gemma-4-31b,Gemma-4-31B,44,62,0.709715,1.8703,1.7098,2.0308,0.08189,0.7953
gemma-4-31b,Gemma-4-31B,45,62,0.725842,1.9567,1.7862,2.1272,0.08697,0.8321
gemma-4-31b,Gemma-4-31B,46,62,0.741969,2.0263,1.8506,2.2020,0.08962,0.8617
gemma-4-31b,Gemma-4-31B,47,62,0.758096,2.0996,1.9187,2.2805,0.09232,0.8928
gemma-4-31b,Gemma-4-31B,48,62,0.774223,2.1605,1.9747,2.3463,0.09482,0.9187
gemma-4-31b,Gemma-4-31B,49,62,0.79035,2.2158,2.0251,2.4065,0.09732,0.9423
gemma-4-31b,Gemma-4-31B,50,62,0.806477,2.2461,2.0457,2.4465,0.10227,0.9551
gemma-4-31b,Gemma-4-31B,51,62,0.822604,2.2946,2.0920,2.4972,0.10339,0.9758
gemma-4-31b,Gemma-4-31B,52,62,0.838731,2.3402,2.1370,2.5434,0.10368,0.9952
gemma-4-31b,Gemma-4-31B,53,62,0.854858,2.3355,2.1312,2.5398,0.10424,0.9932
gemma-4-31b,Gemma-4-31B,54,62,0.870984,2.3516,2.1503,2.5529,0.10268,1.0
gemma-4-31b,Gemma-4-31B,55,62,0.887111,2.3366,2.1381,2.5351,0.10125,0.9936
gemma-4-31b,Gemma-4-31B,56,62,0.903238,2.3017,2.1009,2.5025,0.10243,0.9788
gemma-4-31b,Gemma-4-31B,57,62,0.919365,2.2813,2.0823,2.4803,0.10151,0.9701
gemma-4-31b,Gemma-4-31B,58,62,0.935492,2.2281,2.0277,2.4285,0.10227,0.9475
gemma-4-31b,Gemma-4-31B,59,62,0.951619,2.1875,1.9958,2.3792,0.09781,0.9302
gemma-4-31b,Gemma-4-31B,60,62,0.967746,2.1056,1.9207,2.2905,0.09434,0.8954
gemma-4-31b,Gemma-4-31B,61,62,0.983873,2.0358,1.8569,2.2147,0.09128,0.8657
gemma-4-31b,Gemma-4-31B,62,62,1.0,1.9434,1.7703,2.1165,0.08834,0.8264
gemma-3-27b,Gemma-3-27B,1,62,0.016127,0.0196,0.0075,0.0317,0.00617,0.0091
gemma-3-27b,Gemma-3-27B,2,62,0.032261,0.0202,0.0078,0.0326,0.00635,0.0093
gemma-3-27b,Gemma-3-27B,3,62,0.048388,0.0273,0.0169,0.0377,0.00533,0.0126
gemma-3-27b,Gemma-3-27B,4,62,0.064515,0.0251,0.0109,0.0393,0.00727,0.0116
gemma-3-27b,Gemma-3-27B,5,62,0.080649,0.0308,0.0166,0.0450,0.00727,0.0143
gemma-3-27b,Gemma-3-27B,6,62,0.096776,0.03,0.0162,0.0438,0.00704,0.0139
gemma-3-27b,Gemma-3-27B,7,62,0.112903,0.0356,0.0218,0.0494,0.00702,0.0165
gemma-3-27b,Gemma-3-27B,8,62,0.129037,0.0344,0.0200,0.0488,0.00737,0.0159
gemma-3-27b,Gemma-3-27B,9,62,0.145164,0.0389,0.0241,0.0537,0.00755,0.018
gemma-3-27b,Gemma-3-27B,10,62,0.161291,0.0494,0.0351,0.0637,0.0073,0.0229
gemma-3-27b,Gemma-3-27B,11,62,0.177425,0.0514,0.0352,0.0676,0.00827,0.0238
gemma-3-27b,Gemma-3-27B,12,62,0.193552,0.057,0.0400,0.0740,0.00865,0.0264
gemma-3-27b,Gemma-3-27B,13,62,0.209679,0.0616,0.0444,0.0788,0.0088,0.0285
gemma-3-27b,Gemma-3-27B,14,62,0.225806,0.0741,0.0566,0.0916,0.00893,0.0343
gemma-3-27b,Gemma-3-27B,15,62,0.24194,0.0778,0.0614,0.0942,0.00837,0.036
gemma-3-27b,Gemma-3-27B,16,62,0.258067,0.0907,0.0704,0.1110,0.01036,0.042
gemma-3-27b,Gemma-3-27B,17,62,0.274194,0.1055,0.0864,0.1246,0.00975,0.0488
gemma-3-27b,Gemma-3-27B,18,62,0.290328,0.1159,0.0951,0.1367,0.01061,0.0536
gemma-3-27b,Gemma-3-27B,19,62,0.306455,0.1346,0.1116,0.1576,0.01171,0.0623
gemma-3-27b,Gemma-3-27B,20,62,0.322582,0.1484,0.1248,0.1720,0.01204,0.0687
gemma-3-27b,Gemma-3-27B,21,62,0.338716,0.172,0.1459,0.1981,0.01334,0.0796
gemma-3-27b,Gemma-3-27B,22,62,0.354843,0.2027,0.1744,0.2310,0.01446,0.0938
gemma-3-27b,Gemma-3-27B,23,62,0.37097,0.2309,0.2010,0.2608,0.01528,0.1069
gemma-3-27b,Gemma-3-27B,24,62,0.387104,0.2594,0.2249,0.2939,0.0176,0.1201
gemma-3-27b,Gemma-3-27B,25,62,0.403231,0.2995,0.2609,0.3381,0.01969,0.1386
gemma-3-27b,Gemma-3-27B,26,62,0.419358,0.3469,0.3049,0.3889,0.02143,0.1606
gemma-3-27b,Gemma-3-27B,27,62,0.435492,0.3913,0.3445,0.4381,0.02388,0.1811
gemma-3-27b,Gemma-3-27B,28,62,0.451619,0.445,0.3924,0.4976,0.02684,0.206
gemma-3-27b,Gemma-3-27B,29,62,0.467739,0.5053,0.4490,0.5616,0.0287,0.2339
gemma-3-27b,Gemma-3-27B,30,62,0.483866,0.5756,0.5111,0.6401,0.03293,0.2664
gemma-3-27b,Gemma-3-27B,31,62,0.499993,0.6539,0.5816,0.7262,0.03691,0.3027
gemma-3-27b,Gemma-3-27B,32,62,0.51612,0.7321,0.6540,0.8102,0.03985,0.3389
gemma-3-27b,Gemma-3-27B,33,62,0.532247,0.8183,0.7306,0.9060,0.04477,0.3788
gemma-3-27b,Gemma-3-27B,34,62,0.548374,0.9068,0.8141,0.9995,0.0473,0.4197
gemma-3-27b,Gemma-3-27B,35,62,0.564501,1.001,0.8966,1.1054,0.05324,0.4633
gemma-3-27b,Gemma-3-27B,36,62,0.580628,1.0945,0.9833,1.2057,0.05676,0.5066
gemma-3-27b,Gemma-3-27B,37,62,0.596754,1.1984,1.0779,1.3189,0.06146,0.5547
gemma-3-27b,Gemma-3-27B,38,62,0.612881,1.2828,1.1534,1.4122,0.06602,0.5938
gemma-3-27b,Gemma-3-27B,39,62,0.629008,1.3777,1.2437,1.5117,0.06839,0.6377
gemma-3-27b,Gemma-3-27B,40,62,0.645135,1.4707,1.3241,1.6173,0.0748,0.6807
gemma-3-27b,Gemma-3-27B,41,62,0.661334,1.555,1.3993,1.7107,0.07944,0.7197
gemma-3-27b,Gemma-3-27B,42,62,0.677461,1.6374,1.4766,1.7982,0.08204,0.7579
gemma-3-27b,Gemma-3-27B,43,62,0.693588,1.7181,1.5516,1.8846,0.08495,0.7952
gemma-3-27b,Gemma-3-27B,44,62,0.709715,1.7838,1.6092,1.9584,0.08906,0.8256
gemma-3-27b,Gemma-3-27B,45,62,0.725842,1.8564,1.6776,2.0352,0.0912,0.8592
gemma-3-27b,Gemma-3-27B,46,62,0.741969,1.918,1.7343,2.1017,0.09373,0.8878
gemma-3-27b,Gemma-3-27B,47,62,0.758096,1.948,1.7618,2.1342,0.09498,0.9016
gemma-3-27b,Gemma-3-27B,48,62,0.774223,2.005,1.8120,2.1980,0.09845,0.928
gemma-3-27b,Gemma-3-27B,49,62,0.79035,2.053,1.8550,2.2510,0.10102,0.9502
gemma-3-27b,Gemma-3-27B,50,62,0.806477,2.0767,1.8818,2.2716,0.09942,0.9612
gemma-3-27b,Gemma-3-27B,51,62,0.822604,2.1174,1.9161,2.3187,0.10268,0.9801
gemma-3-27b,Gemma-3-27B,52,62,0.838731,2.14,1.9417,2.3383,0.10115,0.9905
gemma-3-27b,Gemma-3-27B,53,62,0.854858,2.1605,1.9605,2.3605,0.10204,1.0
gemma-3-27b,Gemma-3-27B,54,62,0.870984,2.1599,1.9622,2.3576,0.10087,0.9997
gemma-3-27b,Gemma-3-27B,55,62,0.887111,2.1449,1.9465,2.3433,0.10123,0.9928
gemma-3-27b,Gemma-3-27B,56,62,0.903238,2.1449,1.9484,2.3414,0.10026,0.9928
gemma-3-27b,Gemma-3-27B,57,62,0.919365,2.1035,1.9182,2.2888,0.09454,0.9736
gemma-3-27b,Gemma-3-27B,58,62,0.935492,2.0628,1.8740,2.2516,0.09635,0.9548
gemma-3-27b,Gemma-3-27B,59,62,0.951619,2.017,1.8370,2.1970,0.09184,0.9336
gemma-3-27b,Gemma-3-27B,60,62,0.967746,1.9505,1.7672,2.1338,0.09352,0.9028
gemma-3-27b,Gemma-3-27B,61,62,0.983873,1.8749,1.7037,2.0461,0.08737,0.8678
gemma-3-27b,Gemma-3-27B,62,62,1.0,1.8018,1.6375,1.9661,0.08385,0.834
olmo-3.1-32b,OLMo-3.1-32B,1,64,0.015623,-0.0016,-0.0245,0.0213,0.01166,-0.0004
olmo-3.1-32b,OLMo-3.1-32B,2,64,0.031253,0.0027,-0.0192,0.0246,0.01115,0.0007
olmo-3.1-32b,OLMo-3.1-32B,3,64,0.046876,0.0087,-0.0141,0.0315,0.01163,0.0024
olmo-3.1-32b,OLMo-3.1-32B,4,64,0.062499,0.0046,-0.0177,0.0269,0.0114,0.0013
olmo-3.1-32b,OLMo-3.1-32B,5,64,0.078129,0.0061,-0.0168,0.0290,0.01166,0.0017
olmo-3.1-32b,OLMo-3.1-32B,6,64,0.093752,0.01,-0.0148,0.0348,0.01263,0.0028
olmo-3.1-32b,OLMo-3.1-32B,7,64,0.109375,0.0142,-0.0095,0.0379,0.01207,0.0039
olmo-3.1-32b,OLMo-3.1-32B,8,64,0.124998,0.02,-0.0046,0.0446,0.01253,0.0055
olmo-3.1-32b,OLMo-3.1-32B,9,64,0.140628,0.0299,0.0041,0.0557,0.01316,0.0083
olmo-3.1-32b,OLMo-3.1-32B,10,64,0.156251,0.034,0.0073,0.0607,0.01362,0.0094
olmo-3.1-32b,OLMo-3.1-32B,11,64,0.171874,0.0397,0.0115,0.0679,0.01441,0.011
olmo-3.1-32b,OLMo-3.1-32B,12,64,0.187504,0.0457,0.0146,0.0768,0.01589,0.0127
olmo-3.1-32b,OLMo-3.1-32B,13,64,0.203127,0.0614,0.0282,0.0946,0.01694,0.017
olmo-3.1-32b,OLMo-3.1-32B,14,64,0.21875,0.0778,0.0425,0.1131,0.01801,0.0216
olmo-3.1-32b,OLMo-3.1-32B,15,64,0.234381,0.0926,0.0567,0.1285,0.01832,0.0257
olmo-3.1-32b,OLMo-3.1-32B,16,64,0.250004,0.1122,0.0720,0.1524,0.02051,0.0311
olmo-3.1-32b,OLMo-3.1-32B,17,64,0.265627,0.1301,0.0872,0.1730,0.02191,0.0361
olmo-3.1-32b,OLMo-3.1-32B,18,64,0.281257,0.1619,0.1151,0.2087,0.0239,0.0449
olmo-3.1-32b,OLMo-3.1-32B,19,64,0.29688,0.1835,0.1347,0.2323,0.0249,0.0509
olmo-3.1-32b,OLMo-3.1-32B,20,64,0.312503,0.2213,0.1659,0.2767,0.02824,0.0614
olmo-3.1-32b,OLMo-3.1-32B,21,64,0.328126,0.2614,0.2002,0.3226,0.0312,0.0725
olmo-3.1-32b,OLMo-3.1-32B,22,64,0.343756,0.3039,0.2346,0.3732,0.03536,0.0843
olmo-3.1-32b,OLMo-3.1-32B,23,64,0.359379,0.364,0.2889,0.4391,0.03834,0.1009
olmo-3.1-32b,OLMo-3.1-32B,24,64,0.375002,0.416,0.3318,0.5002,0.04296,0.1153
olmo-3.1-32b,OLMo-3.1-32B,25,64,0.390632,0.4913,0.3990,0.5836,0.04709,0.1362
olmo-3.1-32b,OLMo-3.1-32B,26,64,0.406255,0.5707,0.4692,0.6722,0.05179,0.1582
olmo-3.1-32b,OLMo-3.1-32B,27,64,0.421878,0.6535,0.5397,0.7673,0.05804,0.1812
olmo-3.1-32b,OLMo-3.1-32B,28,64,0.437508,0.7482,0.6207,0.8757,0.06505,0.2074
olmo-3.1-32b,OLMo-3.1-32B,29,64,0.453131,0.861,0.7209,1.0011,0.07146,0.2387
olmo-3.1-32b,OLMo-3.1-32B,30,64,0.468747,0.9775,0.8254,1.1296,0.0776,0.271
olmo-3.1-32b,OLMo-3.1-32B,31,64,0.48437,1.1049,0.9414,1.2684,0.08342,0.3063
olmo-3.1-32b,OLMo-3.1-32B,32,64,0.499993,1.2483,1.0700,1.4266,0.09095,0.3461
olmo-3.1-32b,OLMo-3.1-32B,33,64,0.515616,1.3959,1.1986,1.5932,0.10067,0.387
olmo-3.1-32b,OLMo-3.1-32B,34,64,0.531239,1.5528,1.3430,1.7626,0.10704,0.4305
olmo-3.1-32b,OLMo-3.1-32B,35,64,0.546862,1.7096,1.4868,1.9324,0.11368,0.474
olmo-3.1-32b,OLMo-3.1-32B,36,64,0.562485,1.8774,1.6389,2.1159,0.12169,0.5205
olmo-3.1-32b,OLMo-3.1-32B,37,64,0.578108,2.023,1.7671,2.2789,0.13054,0.5609
olmo-3.1-32b,OLMo-3.1-32B,38,64,0.593731,2.1945,1.9212,2.4678,0.13944,0.6085
olmo-3.1-32b,OLMo-3.1-32B,39,64,0.609354,2.3503,2.0641,2.6365,0.14602,0.6516
olmo-3.1-32b,OLMo-3.1-32B,40,64,0.624977,2.5019,2.2057,2.7981,0.1511,0.6937
olmo-3.1-32b,OLMo-3.1-32B,41,64,0.6406,2.6413,2.3311,2.9515,0.15827,0.7323
olmo-3.1-32b,OLMo-3.1-32B,42,64,0.656223,2.7632,2.4416,3.0848,0.16406,0.7661
olmo-3.1-32b,OLMo-3.1-32B,43,64,0.671918,2.899,2.5663,3.2317,0.16975,0.8038
olmo-3.1-32b,OLMo-3.1-32B,44,64,0.68754,3.0062,2.6669,3.3455,0.17309,0.8335
olmo-3.1-32b,OLMo-3.1-32B,45,64,0.703163,3.1085,2.7530,3.4640,0.18138,0.8619
olmo-3.1-32b,OLMo-3.1-32B,46,64,0.718786,3.2001,2.8361,3.5641,0.18569,0.8873
olmo-3.1-32b,OLMo-3.1-32B,47,64,0.734409,3.2631,2.8804,3.6458,0.19523,0.9047
olmo-3.1-32b,OLMo-3.1-32B,48,64,0.750032,3.3714,2.9863,3.7565,0.19648,0.9348
olmo-3.1-32b,OLMo-3.1-32B,49,64,0.765655,3.415,3.0210,3.8090,0.201,0.9468
olmo-3.1-32b,OLMo-3.1-32B,50,64,0.781278,3.4813,3.0810,3.8816,0.20421,0.9652
olmo-3.1-32b,OLMo-3.1-32B,51,64,0.796901,3.5099,3.0964,3.9234,0.21097,0.9732
olmo-3.1-32b,OLMo-3.1-32B,52,64,0.812524,3.5394,3.1291,3.9497,0.20934,0.9813
olmo-3.1-32b,OLMo-3.1-32B,53,64,0.828147,3.5759,3.1673,3.9845,0.20845,0.9915
olmo-3.1-32b,OLMo-3.1-32B,54,64,0.84377,3.5991,3.1770,4.0212,0.21534,0.9979
olmo-3.1-32b,OLMo-3.1-32B,55,64,0.859393,3.6067,3.1855,4.0279,0.2149,1.0
olmo-3.1-32b,OLMo-3.1-32B,56,64,0.875016,3.577,3.1604,3.9936,0.21255,0.9918
olmo-3.1-32b,OLMo-3.1-32B,57,64,0.890639,3.5489,3.1361,3.9617,0.21062,0.984
olmo-3.1-32b,OLMo-3.1-32B,58,64,0.906262,3.5025,3.0897,3.9153,0.21062,0.9711
olmo-3.1-32b,OLMo-3.1-32B,59,64,0.921885,3.4466,3.0387,3.8545,0.20809,0.9556
olmo-3.1-32b,OLMo-3.1-32B,60,64,0.937508,3.3602,2.9571,3.7633,0.20567,0.9317
olmo-3.1-32b,OLMo-3.1-32B,61,64,0.953131,3.2737,2.8876,3.6598,0.19697,0.9077
olmo-3.1-32b,OLMo-3.1-32B,62,64,0.968754,3.1736,2.7943,3.5529,0.1935,0.8799
olmo-3.1-32b,OLMo-3.1-32B,63,64,0.984377,3.0575,2.6926,3.4224,0.18618,0.8477
olmo-3.1-32b,OLMo-3.1-32B,64,64,1.0,2.923,2.5710,3.2750,0.17957,0.8104
mistral-small-3.2-24b,Mistral-Small-3.2-24B,1,40,0.024997,0.0053,-0.0057,0.0163,0.00559,0.0056
mistral-small-3.2-24b,Mistral-Small-3.2-24B,2,40,0.050001,-0.0022,-0.0127,0.0083,0.00538,-0.0023
mistral-small-3.2-24b,Mistral-Small-3.2-24B,3,40,0.074997,0.0092,-0.0008,0.0192,0.0051,0.0098
mistral-small-3.2-24b,Mistral-Small-3.2-24B,4,40,0.100001,0.0062,-0.0040,0.0164,0.00518,0.0066
mistral-small-3.2-24b,Mistral-Small-3.2-24B,5,40,0.124998,0.0093,-0.0016,0.0202,0.00556,0.0099
mistral-small-3.2-24b,Mistral-Small-3.2-24B,6,40,0.150002,0.0115,0.0002,0.0228,0.00577,0.0122
mistral-small-3.2-24b,Mistral-Small-3.2-24B,7,40,0.174999,0.0185,0.0071,0.0299,0.00582,0.0196
mistral-small-3.2-24b,Mistral-Small-3.2-24B,8,40,0.200003,0.0284,0.0152,0.0416,0.00676,0.0302
mistral-small-3.2-24b,Mistral-Small-3.2-24B,9,40,0.225,0.0332,0.0213,0.0451,0.00605,0.0353
mistral-small-3.2-24b,Mistral-Small-3.2-24B,10,40,0.250004,0.0358,0.0219,0.0497,0.00707,0.038
mistral-small-3.2-24b,Mistral-Small-3.2-24B,11,40,0.275,0.0439,0.0287,0.0591,0.00773,0.0466
mistral-small-3.2-24b,Mistral-Small-3.2-24B,12,40,0.300004,0.0493,0.0339,0.0647,0.00786,0.0523
mistral-small-3.2-24b,Mistral-Small-3.2-24B,13,40,0.325001,0.0651,0.0484,0.0818,0.0085,0.0691
mistral-small-3.2-24b,Mistral-Small-3.2-24B,14,40,0.350005,0.0802,0.0611,0.0993,0.00972,0.0852
mistral-small-3.2-24b,Mistral-Small-3.2-24B,15,40,0.375002,0.1025,0.0823,0.1227,0.01033,0.1088
mistral-small-3.2-24b,Mistral-Small-3.2-24B,16,40,0.400006,0.1235,0.1006,0.1464,0.01168,0.1311
mistral-small-3.2-24b,Mistral-Small-3.2-24B,17,40,0.425003,0.1537,0.1284,0.1790,0.01293,0.1632
mistral-small-3.2-24b,Mistral-Small-3.2-24B,18,40,0.450006,0.187,0.1585,0.2155,0.01454,0.1986
mistral-small-3.2-24b,Mistral-Small-3.2-24B,19,40,0.47501,0.2254,0.1943,0.2565,0.01587,0.2393
mistral-small-3.2-24b,Mistral-Small-3.2-24B,20,40,0.499993,0.274,0.2390,0.3090,0.01786,0.2909
mistral-small-3.2-24b,Mistral-Small-3.2-24B,21,40,0.524975,0.3334,0.2944,0.3724,0.0199,0.354
mistral-small-3.2-24b,Mistral-Small-3.2-24B,22,40,0.55003,0.3884,0.3421,0.4347,0.02362,0.4124
mistral-small-3.2-24b,Mistral-Small-3.2-24B,23,40,0.575012,0.4461,0.3979,0.4943,0.02457,0.4737
mistral-small-3.2-24b,Mistral-Small-3.2-24B,24,40,0.599994,0.5039,0.4512,0.5566,0.02689,0.535
mistral-small-3.2-24b,Mistral-Small-3.2-24B,25,40,0.624977,0.5687,0.5098,0.6276,0.03003,0.6038
mistral-small-3.2-24b,Mistral-Small-3.2-24B,26,40,0.650031,0.6377,0.5749,0.7005,0.03202,0.6771
mistral-small-3.2-24b,Mistral-Small-3.2-24B,27,40,0.675013,0.7015,0.6337,0.7693,0.03459,0.7449
mistral-small-3.2-24b,Mistral-Small-3.2-24B,28,40,0.699996,0.7531,0.6813,0.8249,0.03661,0.7996
mistral-small-3.2-24b,Mistral-Small-3.2-24B,29,40,0.724978,0.7993,0.7215,0.8771,0.03969,0.8487
mistral-small-3.2-24b,Mistral-Small-3.2-24B,30,40,0.750032,0.8343,0.7504,0.9182,0.04281,0.8859
mistral-small-3.2-24b,Mistral-Small-3.2-24B,31,40,0.775015,0.8615,0.7743,0.9487,0.04447,0.9147
mistral-small-3.2-24b,Mistral-Small-3.2-24B,32,40,0.799997,0.9024,0.8130,0.9918,0.04561,0.9582
mistral-small-3.2-24b,Mistral-Small-3.2-24B,33,40,0.824979,0.9204,0.8290,1.0118,0.04661,0.9773
mistral-small-3.2-24b,Mistral-Small-3.2-24B,34,40,0.850034,0.9406,0.8470,1.0342,0.04776,0.9987
mistral-small-3.2-24b,Mistral-Small-3.2-24B,35,40,0.875016,0.9353,0.8396,1.0310,0.04885,0.9931
mistral-small-3.2-24b,Mistral-Small-3.2-24B,36,40,0.899999,0.9418,0.8486,1.0350,0.04753,1.0
mistral-small-3.2-24b,Mistral-Small-3.2-24B,37,40,0.924981,0.8981,0.8074,0.9888,0.04628,0.9536
mistral-small-3.2-24b,Mistral-Small-3.2-24B,38,40,0.950035,0.8631,0.7751,0.9511,0.04492,0.9164
mistral-small-3.2-24b,Mistral-Small-3.2-24B,39,40,0.975018,0.8352,0.7536,0.9168,0.04161,0.8868
mistral-small-3.2-24b,Mistral-Small-3.2-24B,40,40,1.0,0.7612,0.6805,0.8419,0.04117,0.8082
