direction_type,direction_id,delta,target_from_figure,abs_delta
target,target,0.4613,0.4613,0.4613
off_target,off001,0.0162,0.0162,0.0162
off_target,off002,0.0279,0.0279,0.0279
off_target,off003,-0.035,-0.035,0.035
off_target,off004,-0.0532,-0.0532,0.0532
off_target,off005,0.0023,0.0023,0.0023
off_target,off006,0.0348,0.0348,0.0348
off_target,off007,0.0027,0.0027,0.0027
random,rand001,-0.0315,-0.0315,0.0315
random,rand002,-0.0397,-0.0397,0.0397
random,rand003,-0.0176,-0.0176,0.0176
random,rand004,-0.0015,-0.0015,0.0015
random,rand005,-0.0138,-0.0138,0.0138
random,rand006,-0.0342,-0.0342,0.0342
random,rand007,-0.0181,-0.0181,0.0181
random,rand008,-0.0463,-0.0463,0.0463
random,rand009,-0.05,-0.05,0.05
random,rand010,0.0148,0.0148,0.0148
random,rand011,0.0971,0.0971,0.0971
random,rand012,-0.0059,-0.0059,0.0059
random,rand013,0.0144,0.0144,0.0144
random,rand014,-0.0159,-0.0159,0.0159
random,rand015,-0.0513,-0.0513,0.0513
random,rand016,0.0256,0.0256,0.0256
random,rand017,0.0293,0.0293,0.0293
random,rand018,-0.0717,-0.0717,0.0717
random,rand019,-0.025,-0.025,0.025
random,rand020,-0.0256,-0.0256,0.0256
random,rand021,0.0122,0.0122,0.0122
random,rand022,-0.0131,-0.0131,0.0131
random,rand023,0.0631,0.0631,0.0631
random,rand024,0.022,0.022,0.022
random,rand025,-0.0455,-0.0455,0.0455
random,rand026,-0.0514,-0.0514,0.0514
random,rand027,-0.0009,-0.0009,0.0009
random,rand028,-0.013,-0.013,0.013
random,rand029,0.0069,0.0069,0.0069
random,rand030,0.0491,0.0491,0.0491
random,rand031,0.0421,0.0421,0.0421
random,rand032,-0.0573,-0.0573,0.0573
random,rand033,0.0488,0.0488,0.0488
random,rand034,-0.0001,-0.0001,0.0001
random,rand035,-0.0022,-0.0022,0.0022
random,rand036,0.1347,0.1347,0.1347
random,rand037,0.0012,0.0012,0.0012
random,rand038,-0.0071,-0.0071,0.0071
random,rand039,-0.0192,-0.0192,0.0192
random,rand040,0.0159,0.0159,0.0159
random,rand041,0.0349,0.0349,0.0349
random,rand042,-0.0105,-0.0105,0.0105
random,rand043,-0.0114,-0.0114,0.0114
random,rand044,-0.0064,-0.0064,0.0064
random,rand045,-0.0378,-0.0378,0.0378
random,rand046,-0.0701,-0.0701,0.0701
random,rand047,-0.0249,-0.0249,0.0249
random,rand048,-0.021,-0.021,0.021
random,rand049,-0.0288,-0.0288,0.0288
random,rand050,-0.0251,-0.0251,0.0251
random,rand051,0.022,0.022,0.022
random,rand052,-0.0414,-0.0414,0.0414
random,rand053,0.0441,0.0441,0.0441
random,rand054,0.0206,0.0206,0.0206
random,rand055,0.0632,0.0632,0.0632
random,rand056,0.0336,0.0336,0.0336
random,rand057,-0.0441,-0.0441,0.0441
random,rand058,-0.0477,-0.0477,0.0477
random,rand059,0.0156,0.0156,0.0156
random,rand060,0.062,0.062,0.062
random,rand061,0.0199,0.0199,0.0199
random,rand062,-0.0369,-0.0369,0.0369
random,rand063,-0.0072,-0.0072,0.0072
random,rand064,0.0213,0.0213,0.0213
random,rand065,-0.1089,-0.1089,0.1089
random,rand066,-0.0311,-0.0311,0.0311
random,rand067,0.0663,0.0663,0.0663
random,rand068,0.0608,0.0608,0.0608
random,rand069,0.0479,0.0479,0.0479
random,rand070,-0.009,-0.009,0.009
random,rand071,-0.0615,-0.0615,0.0615
random,rand072,-0.0699,-0.0699,0.0699
random,rand073,-0.0437,-0.0437,0.0437
random,rand074,0.0624,0.0624,0.0624
random,rand075,0.0092,0.0092,0.0092
random,rand076,-0.0172,-0.0172,0.0172
random,rand077,0.0305,0.0305,0.0305
random,rand078,-0.0462,-0.0462,0.0462
random,rand079,0.0287,0.0287,0.0287
random,rand080,-0.0624,-0.0624,0.0624
random,rand081,-0.0561,-0.0561,0.0561
random,rand082,-0.0517,-0.0517,0.0517
random,rand083,-0.0185,-0.0185,0.0185
random,rand084,-0.0485,-0.0485,0.0485
random,rand085,0.0241,0.0241,0.0241
random,rand086,-0.0665,-0.0665,0.0665
random,rand087,-0.068,-0.068,0.068
random,rand088,-0.0189,-0.0189,0.0189
random,rand089,0.0282,0.0282,0.0282
random,rand090,-0.0452,-0.0452,0.0452
random,rand091,-0.0562,-0.0562,0.0562
random,rand092,-0.033,-0.033,0.033
random,rand093,-0.0401,-0.0401,0.0401
random,rand094,0.0161,0.0161,0.0161
random,rand095,-0.0272,-0.0272,0.0272
random,rand096,-0.0148,-0.0148,0.0148
random,rand097,-0.0622,-0.0622,0.0622
random,rand098,0.0127,0.0127,0.0127
random,rand099,-0.0809,-0.0809,0.0809
random,rand100,-0.0467,-0.0467,0.0467
random,rand101,-0.0362,-0.0362,0.0362
random,rand102,0.0173,0.0173,0.0173
random,rand103,0.0401,0.0401,0.0401
random,rand104,-0.0065,-0.0065,0.0065
random,rand105,0.0046,0.0046,0.0046
random,rand106,-0.0378,-0.0378,0.0378
random,rand107,0.0007,0.0007,0.0007
random,rand108,0.0075,0.0075,0.0075
random,rand109,0.0413,0.0413,0.0413
random,rand110,-0.0169,-0.0169,0.0169
random,rand111,-0.003,-0.003,0.003
random,rand112,0.0085,0.0085,0.0085
random,rand113,0.0006,0.0006,0.0006
random,rand114,-0.0492,-0.0492,0.0492
random,rand115,-0.0159,-0.0159,0.0159
random,rand116,-0.0144,-0.0144,0.0144
random,rand117,0.0115,0.0115,0.0115
random,rand118,-0.0277,-0.0277,0.0277
random,rand119,-0.1257,-0.1257,0.1257
random,rand120,-0.0513,-0.0513,0.0513
random,rand121,0.0506,0.0506,0.0506
random,rand122,-0.0109,-0.0109,0.0109
random,rand123,-0.0067,-0.0067,0.0067
random,rand124,0.0186,0.0186,0.0186
random,rand125,-0.0381,-0.0381,0.0381
random,rand126,0.0646,0.0646,0.0646
random,rand127,-0.0335,-0.0335,0.0335
random,rand128,0.0129,0.0129,0.0129
random,rand129,0.0681,0.0681,0.0681
random,rand130,-0.0166,-0.0166,0.0166
random,rand131,0.0178,0.0178,0.0178
random,rand132,0.0115,0.0115,0.0115
random,rand133,-0.0816,-0.0816,0.0816
random,rand134,-0.0076,-0.0076,0.0076
random,rand135,-0.0426,-0.0426,0.0426
random,rand136,0.0012,0.0012,0.0012
random,rand137,0.0767,0.0767,0.0767
random,rand138,-0.0277,-0.0277,0.0277
random,rand139,0.016,0.016,0.016
random,rand140,-0.0014,-0.0014,0.0014
random,rand141,-0.0139,-0.0139,0.0139
random,rand142,0.0167,0.0167,0.0167
random,rand143,-0.0866,-0.0866,0.0866
random,rand144,0.0537,0.0537,0.0537
random,rand145,0.0223,0.0223,0.0223
random,rand146,-0.0127,-0.0127,0.0127
random,rand147,-0.0639,-0.0639,0.0639
random,rand148,-0.0639,-0.0639,0.0639
random,rand149,-0.0283,-0.0283,0.0283
random,rand150,-0.025,-0.025,0.025
random,rand151,0.0196,0.0196,0.0196
random,rand152,0.0128,0.0128,0.0128
random,rand153,-0.0179,-0.0179,0.0179
random,rand154,-0.019,-0.019,0.019
random,rand155,-0.0002,-0.0002,0.0002
random,rand156,0.0613,0.0613,0.0613
random,rand157,-0.0278,-0.0278,0.0278
random,rand158,-0.0776,-0.0776,0.0776
random,rand159,-0.0618,-0.0618,0.0618
random,rand160,-0.0838,-0.0838,0.0838
random,rand161,-0.0,0.0,0.0
random,rand162,-0.0155,-0.0155,0.0155
random,rand163,-0.0192,-0.0192,0.0192
random,rand164,-0.0599,-0.0599,0.0599
random,rand165,0.0252,0.0252,0.0252
random,rand166,0.0189,0.0189,0.0189
random,rand167,0.0445,0.0445,0.0445
random,rand168,0.0258,0.0258,0.0258
random,rand169,0.0243,0.0243,0.0243
random,rand170,0.021,0.021,0.021
random,rand171,-0.0497,-0.0497,0.0497
random,rand172,-0.0104,-0.0104,0.0104
random,rand173,0.046,0.046,0.046
random,rand174,-0.0501,-0.0501,0.0501
random,rand175,-0.1339,-0.1339,0.1339
random,rand176,0.034,0.034,0.034
random,rand177,-0.1048,-0.1048,0.1048
random,rand178,0.0606,0.0606,0.0606
random,rand179,0.0673,0.0673,0.0673
random,rand180,0.0234,0.0234,0.0234
random,rand181,0.002,0.002,0.002
random,rand182,0.0071,0.0071,0.0071
random,rand183,0.023,0.023,0.023
random,rand184,-0.0345,-0.0345,0.0345
random,rand185,-0.0109,-0.0109,0.0109
random,rand186,-0.0194,-0.0194,0.0194
random,rand187,-0.0169,-0.0169,0.0169
random,rand188,-0.0528,-0.0528,0.0528
random,rand189,0.0025,0.0025,0.0025
random,rand190,-0.0285,-0.0285,0.0285
random,rand191,-0.0814,-0.0814,0.0814
random,rand192,-0.0638,-0.0638,0.0638
random,rand193,-0.0185,-0.0185,0.0185
random,rand194,0.0301,0.0301,0.0301
random,rand195,-0.0401,-0.0401,0.0401
random,rand196,-0.0213,-0.0213,0.0213
random,rand197,-0.0854,-0.0854,0.0854
random,rand198,-0.0747,-0.0747,0.0747
random,rand199,0.0151,0.0151,0.0151
random,rand200,-0.0478,-0.0478,0.0478
